username,firstname,lastname,email,faculty
batmanfoe,batman,foe,piercedoman25@gmail.com,Engineering
johndoe,John,Doe,piercedoman25@gmail.com,Engineering
janesmith,Jane,Smith,janesmith@example.com,Computer Science
alicejones,Alice,Jones,alicejones@example.com,Mathematics
bobjohnson,Bob,Johnson,bobjohnson@example.com,Physics
emmawilson,Emma,Wilson,emmawilson@example.com,Chemistry
